#threads,exec_time,speedup
1S,0.937534,1
1,0.892947,1.049932
2,0.528110,1.775262
3,0.360183,2.602937
4,0.315645,2.970216
5,0.372664,2.515762
6,0.409443,2.289779
7,0.375509,2.496701
8,0.475584,1.971332
