#threads,exec_time,speedup
1S,0.933522,1
1,0.942607,.990361
2,0.559735,1.667792
3,0.385869,2.419271
4,0.338072,2.761311
5,0.357266,2.612960
6,0.371300,2.514198
7,0.414298,2.253262
8,0.376898,2.476855
