#threads,exec_time,speedup
1S,0.038663,1
1,0.044568,.867505
2,0.036384,1.062637
3,0.040744,.948924
